school_id,school_name,district,block,total_enrolled_students,school_type,medium,school_id_clean
SCH0050,Govt. Senior Secondary School Tank,Moga,Moga-I,424,Secondary,Punjabi,SCH0050
SCH0583,Govt. Middle School Dara,Ferozepur,Makhu,436,Higher Secondary,Punjabi,SCH0583
SCH0083,Govt. Primary School Dutta,Bathinda,Talwandi Sabo,196,Primary,Hindi,SCH0083
SCH0306,Govt. Elementary School Bhardwaj,patiala,,375,primary,hindi,SCH0306
SCH0110,Govt. Primary School Goswami,Moga,Bagha Purana,398,Higher Secondary,punjabi,SCH0110
SCH0011,Govt. Senior Secondary School Munshi,Patiala,Samana,422,Higher Secondary,Punjabi,SCH0011
SCH0269,Govt. Middle School Narayanan,Amritsar,Amritsar-II,332,Higher Secondary,punjabi,SCH0269
SCH0354,Govt. Senior Secondary School Kakar,Moga,Moga-II,402,Secondary,English,SCH0354
SCH0329,Govt. Elementary School Modi,Sangrur,,415,Upper Primary,hindi,SCH0329
SCH0534,Govt. Elementary School Pau,Ferozepur,Makhu,410,Primary,hindi,SCH0534
SCH0282,Govt. Primary School Palan,sangrur,,203,Primary,English,SCH0282
SCH0488,Govt. Primary School Nayak,Bathinda,Maur,57,Upper Primary,Punjabi,SCH0488
SCH0235,Govt. Senior Secondary School Balan,Amritsar,Amritsar-II,315,Upper Primary,Punjabi,SCH0235
SCH0132,Govt. Primary School Rajagopal,Amritsar,Tarn Taran,89,Secondary,hindi,SCH0132
SCH0003,Govt. Senior Secondary School Chopra,Ferozepur,Zira,269,Primary,English,SCH0003
SCH0228,Govt. Elementary School Sankar,Sangrur,Sunam,272,Secondary,Hindi,SCH0228
SCH0577,Govt. Elementary School Magar,Ludhiana,Doraha,80,higher secondary,English,SCH0577
SCH0427,Govt. Elementary School Mangat,Jalandhar,Phillaur,42,Primary,punjabi,SCH0427
SCH0185,Govt. Elementary School Tata,Sangrur,Sunam,102,Primary,English,SCH0185
SCH0399,Govt. Middle School Konda,Patiala,Samana,199,Higher Secondary,Punjabi,SCH0399
SCH0375,Govt. Primary School Karan,Ferozepur,Ferozepur,242,Secondary,English,SCH0375
SCH0079,Govt. Primary School Dash,Bathinda,Maur,366,higher secondary,punjabi,SCH0079
SCH0248,Govt. Elementary School Grover,Ferozepur,Mamdot,313,Secondary,punjabi,SCH0248
SCH0056,Govt. Primary School Nagar,Sangrur,Sangrur,405,Secondary,Hindi,SCH0056
SCH0221,Govt. Middle School Butala,Bathinda,Bathinda,44,Primary,hindi,SCH0221
SCH0524,Govt. Primary School Sabharwal,Ludhiana,Ludhiana-II,92,Upper Primary,Hindi,SCH0524
SCH0249,Govt. Senior Secondary School Toor,Moga,Moga-II,229,Primary,Punjabi,SCH0249
SCH0383,Govt. Senior Secondary School Sama,Ludhiana,Ludhiana-II,332,Upper Primary,English,SCH0383
SCH0500,Govt. Elementary School Kala,Bathinda,Talwandi Sabo,153,upper primary,hindi,SCH0500
SCH0553,Govt. Elementary School Brar,Ludhiana,Machhiwara,80,Secondary,Punjabi,SCH0553
SCH0040,Govt. Primary School Gole,Jalandhar,Nakodar,440,Upper Primary,Punjabi,SCH0040
SCH0146,Govt. Primary School Sundaram,Bathinda,Rampura Phul,153,upper primary,Hindi,SCH0146
SCH0378,Govt. Middle School Mitter,Amritsar,Amritsar-II,266,Higher Secondary,hindi,SCH0378
SCH0078,Govt. Senior Secondary School Bhavsar,Bathinda,Maur,224,Primary,Punjabi,SCH0078
SCH0119,Govt. Middle School Sur,Ferozepur,,252,Higher Secondary,English,SCH0119
SCH0401,Govt. Senior Secondary School Sunder,Moga,Moga-II,124,higher secondary,Hindi,SCH0401
SCH0149,Govt. Middle School Uppal,Moga,Bagha Purana,117,Higher Secondary,hindi,SCH0149
SCH0332,Govt. Senior Secondary School Lad,Ferozepur,Makhu,274,Primary,punjabi,SCH0332
SCH0133,Govt. Primary School Thakur,Moga,Moga-I,250,Higher Secondary,hindi,SCH0133
SCH0216,Govt. Senior Secondary School Oommen,Patiala,Nabha,315,secondary,hindi,SCH0216
SCH0585,Govt. Primary School Bala,Sangrur,Sangrur,131,Upper Primary,Hindi,SCH0585
SCH0438,Govt. Senior Secondary School Chacko,Bathinda,Talwandi Sabo,130,Primary,Punjabi,SCH0438
SCH0087,Govt. Elementary School Grewal,Ludhiana,Ludhiana-II,445,Secondary,punjabi,SCH0087
SCH0322,Govt. Primary School Tak,Moga,Nihal Singh Wala,179,Secondary,hindi,SCH0322
SCH0337,Govt. Elementary School Bora,Ludhiana,Ludhiana-II,207,Upper Primary,English,SCH0337
SCH0077,Govt. Middle School Buch,Amritsar,Amritsar-II,138,Higher Secondary,Hindi,SCH0077
SCH0236,Govt. Senior Secondary School Palan,Bathinda,Talwandi Sabo,384,Higher Secondary,English,SCH0236
SCH0486,Govt. Primary School Johal,Ferozepur,Ferozepur,72,secondary,punjabi,SCH0486
SCH0278,Govt. Primary School Kamdar,Amritsar,Amritsar-I,433,Secondary,punjabi,SCH0278
SCH0011,Govt. Senior Secondary School Munshi,Patiala,Samana,422,Higher Secondary,Punjabi,SCH0011
SCH0209,Govt. Elementary School Mane,Ferozepur,Zira,388,Primary,Hindi,SCH0209
SCH0466,Govt. Middle School Chand,Ferozepur,Mamdot,272,Primary,hindi,SCH0466
SCH0394,Govt. Senior Secondary School Bala,Bathinda,Talwandi Sabo,67,upper primary,hindi,SCH0394
SCH0347,Govt. Primary School Mall,Ludhiana,Machhiwara,311,Upper Primary,Hindi,SCH0347
SCH0566,Govt. Primary School Ramachandran,Amritsar,Tarn Taran,378,Secondary,punjabi,SCH0566
SCH0031,Govt. Primary School Mohanty,Sangrur,,424,Primary,Hindi,SCH0031
SCH0574,Govt. Primary School Deep,Jalandhar,Phillaur,434,Upper Primary,Hindi,SCH0574
SCH0205,Govt. Elementary School Chander,,Ferozepur,63,Secondary,hindi,SCH0205
SCH0312,Govt. Primary School Sagar,patiala,Samana,370,Secondary,English,SCH0312
SCH0512,Govt. Elementary School Chana,Ferozepur,Makhu,267,Secondary,Hindi,SCH0512
SCH0141,Govt. Middle School Sane,Sangrur,Malerkotla,63,primary,Hindi,SCH0141
SCH0474,Govt. Senior Secondary School Borra,Sangrur,Dhuri,286,Higher Secondary,hindi,SCH0474
SCH0578,Govt. Primary School Narasimhan,Jalandhar,Phillaur,291,Upper Primary,Punjabi,SCH0578
SCH0057,Govt. Elementary School Wagle,Ferozepur,Zira,401,Higher Secondary,Hindi,SCH0057
SCH0589,Govt. Elementary School Sarraf,Patiala,Patiala,358,Primary,Punjabi,SCH0589
SCH0506,Govt. Primary School Parekh,Jalandhar,Nakodar,442,Secondary,Hindi,SCH0506
SCH0229,Govt. Primary School Balay,Patiala,,309,secondary,hindi,SCH0229
SCH0210,Govt. Primary School Barman,Ferozepur,Zira,250,Higher Secondary,hindi,SCH0210
SCH0025,Govt. Elementary School Tella,Ludhiana,Ludhiana-I,425,Upper Primary,punjabi,SCH0025
SCH0479,Govt. Primary School Tank,Moga,Moga-I,257,Higher Secondary,hindi,SCH0479
SCH0369,Govt. Senior Secondary School Naik,patiala,Rajpura,193,Primary,punjabi,SCH0369
SCH0362,Govt. Elementary School Sinha,Ferozepur,Zira,67,Upper Primary,hindi,SCH0362
SCH0364,Govt. Primary School Chowdhury,Ludhiana,Machhiwara,84,Higher Secondary,English,SCH0364
SCH0469,Govt. Middle School Gera,Ludhiana,Ludhiana-II,265,Primary,Hindi,SCH0469
SCH0071,Govt. Elementary School Comar,Bathinda,Rampura Phul,165,Primary,punjabi,SCH0071
SCH0353,Govt. Elementary School Parikh,Ferozepur,Ferozepur,212,Upper Primary,punjabi,SCH0353
SCH0177,Govt. Middle School Manne,Moga,Moga-II,294,Secondary,punjabi,SCH0177
SCH0370,Govt. Primary School Pant,Jalandhar,Jalandhar-II,148,upper primary,punjabi,SCH0370
SCH0061,Govt. Elementary School Dhawan,Ludhiana,Machhiwara,343,primary,punjabi,SCH0061
SCH0600,Govt. Primary School Sandhu,Amritsar,Ajnala,193,Secondary,English,SCH0600
SCH0102,Govt. Middle School Kakar,Ludhiana,Ludhiana-II,249,upper primary,punjabi,SCH0102
SCH0204,Govt. Middle School Singhal,Amritsar,Amritsar-II,89,Secondary,Hindi,SCH0204
SCH0589,Govt. Elementary School Sarraf,Patiala,Patiala,358,Primary,Punjabi,SCH0589
SCH0091,Govt. Middle School Soman,Moga,Nihal Singh Wala,210,Primary,punjabi,SCH0091
SCH0540,Govt. Elementary School Dugal,Patiala,Patiala,288,Primary,hindi,SCH0540
SCH0471,Govt. Elementary School Chad,Sangrur,,285,Upper Primary,Punjabi,SCH0471
SCH0568,Govt. Primary School Zachariah,Amritsar,,141,Higher Secondary,hindi,SCH0568
SCH0030,Govt. Elementary School Kar,Moga,Bagha Purana,144,Secondary,English,SCH0030
SCH0111,Govt. Middle School Butala,Bathinda,Maur,350,Upper Primary,Hindi,SCH0111
SCH0510,Govt. Middle School Kant,Bathinda,Talwandi Sabo,363,Upper Primary,hindi,SCH0510
SCH0213,Govt. Elementary School Bhatt,Bathinda,Maur,192,Upper Primary,English,SCH0213
SCH0545,Govt. Elementary School Prabhakar,Ferozepur,Ferozepur,432,Secondary,Hindi,SCH0545
SCH0323,Govt. Middle School Kapoor,Moga,Moga-I,295,Upper Primary,hindi,SCH0323
SCH0290,Govt. Primary School Mander,Jalandhar,Phillaur,187,Secondary,Punjabi,SCH0290
SCH0530,Govt. Middle School Kata,Patiala,Patiala,160,secondary,punjabi,SCH0530
SCH0463,Govt. Primary School Rajagopalan,Bathinda,Maur,277,Primary,hindi,SCH0463
SCH0453,Govt. Primary School Mahal,,Ludhiana-II,103,Higher Secondary,English,SCH0453
SCH0156,Govt. Elementary School Barad,Ferozepur,Zira,344,Primary,English,SCH0156
SCH0082,Govt. Elementary School Mistry,Amritsar,Tarn Taran,350,Upper Primary,punjabi,SCH0082
SCH0251,Govt. Middle School Choudhry,Bathinda,Talwandi Sabo,410,Higher Secondary,hindi,SCH0251
SCH0595,Govt. Primary School Char,Amritsar,Ajnala,208,Upper Primary,hindi,SCH0595
SCH0239,Govt. Middle School Butala,Ferozepur,Mamdot,159,primary,hindi,SCH0239
SCH0406,Govt. Senior Secondary School Bhattacharyya,Sangrur,Sunam,351,Secondary,punjabi,SCH0406
SCH0064,Govt. Senior Secondary School Nayar,Patiala,Patiala,439,Primary,Punjabi,SCH0064
SCH0272,Govt. Senior Secondary School Sarin,Ferozepur,Makhu,265,Upper Primary,Hindi,SCH0272
SCH0073,Govt. Senior Secondary School Shah,Moga,,345,Secondary,punjabi,SCH0073
SCH0257,Govt. Senior Secondary School Rai,Ferozepur,Ferozepur,231,Higher Secondary,Punjabi,SCH0257
SCH0555,Govt. Elementary School Mukhopadhyay,Jalandhar,Nakodar,297,upper primary,hindi,SCH0555
SCH0336,Govt. Middle School Sridhar,Sangrur,Malerkotla,277,primary,hindi,SCH0336
SCH0579,Govt. Primary School Puri,Bathinda,Talwandi Sabo,153,Upper Primary,punjabi,SCH0579
SCH0400,Govt. Senior Secondary School Sastry,Bathinda,Rampura Phul,273,Secondary,punjabi,SCH0400
SCH0261,Govt. Middle School Sen,Ludhiana,Ludhiana-II,340,Higher Secondary,Hindi,SCH0261
SCH0136,Govt. Middle School Banerjee,Ludhiana,,179,Secondary,Hindi,SCH0136
SCH0341,Govt. Elementary School Virk,Moga,Moga-I,61,Primary,punjabi,SCH0341
SCH0111,Govt. Middle School Butala,Bathinda,Maur,350,Upper Primary,Hindi,SCH0111
SCH0212,Govt. Senior Secondary School Sachar,Moga,Bagha Purana,386,Secondary,English,SCH0212
SCH0542,Govt. Primary School Balasubramanian,Sangrur,Sangrur,224,Higher Secondary,English,SCH0542
SCH0300,Govt. Middle School Chaudhary,Bathinda,Talwandi Sabo,232,Primary,English,SCH0300
SCH0481,Govt. Middle School Bhatti,Patiala,Samana,249,Upper Primary,hindi,SCH0481
SCH0007,Govt. Middle School Kale,Ferozepur,Makhu,272,Secondary,English,SCH0007
SCH0105,Govt. Primary School Desai,Amritsar,Tarn Taran,125,primary,English,SCH0105
SCH0115,Govt. Primary School Sachdev,Ferozepur,Makhu,86,Primary,English,SCH0115
SCH0159,Govt. Senior Secondary School Gade,Ludhiana,Doraha,432,Higher Secondary,hindi,SCH0159
SCH0182,Govt. Middle School Hari,,Nihal Singh Wala,330,Upper Primary,Punjabi,SCH0182
SCH0532,Govt. Primary School Sahni,patiala,,295,Secondary,Hindi,SCH0532
SCH0365,Govt. Middle School Bhavsar,Amritsar,,99,Higher Secondary,hindi,SCH0365
SCH0178,Govt. Middle School Dyal,Amritsar,Tarn Taran,348,Upper Primary,English,SCH0178
SCH0594,Govt. Primary School Murthy,Bathinda,Rampura Phul,228,Primary,Hindi,SCH0594
SCH0200,Govt. Senior Secondary School Anne,Sangrur,Sangrur,86,Higher Secondary,Punjabi,SCH0200
SCH0422,Govt. Primary School Rajan,Bathinda,Maur,375,Secondary,punjabi,SCH0422
SCH0301,Govt. Elementary School Loke,Sangrur,Dhuri,207,Primary,English,SCH0301
SCH0409,Govt. Primary School Puri,Amritsar,,369,Secondary,Hindi,SCH0409
SCH0397,Govt. Elementary School Raghavan,Sangrur,Sangrur,106,Higher Secondary,Punjabi,SCH0397
SCH0287,Govt. Senior Secondary School Bhavsar,Ferozepur,Mamdot,340,Secondary,English,SCH0287
SCH0258,Govt. Primary School Kalita,Ludhiana,Ludhiana-I,247,higher secondary,Punjabi,SCH0258
SCH0260,Govt. Primary School Deol,Sangrur,Malerkotla,63,Secondary,English,SCH0260
SCH0056,Govt. Primary School Nagar,Sangrur,Sangrur,405,Secondary,Hindi,SCH0056
SCH0043,Govt. Middle School Sachar,Moga,,99,Secondary,hindi,SCH0043
SCH0074,Govt. Primary School Parmer,Sangrur,,393,Higher Secondary,Hindi,SCH0074
SCH0538,Govt. Middle School Wali,Ferozepur,Zira,308,Upper Primary,English,SCH0538
SCH0067,Govt. Senior Secondary School Dewan,Ludhiana,,334,Higher Secondary,Hindi,SCH0067
SCH0012,Govt. Elementary School Mand,Ludhiana,Ludhiana-I,118,Higher Secondary,punjabi,SCH0012
SCH0164,Govt. Senior Secondary School Barad,Amritsar,Ajnala,82,Secondary,Punjabi,SCH0164
SCH0444,Govt. Middle School Setty,Ferozepur,Ferozepur,237,secondary,hindi,SCH0444
SCH0211,Govt. Senior Secondary School Edwin,Patiala,Samana,379,Higher Secondary,hindi,SCH0211
SCH0333,Govt. Middle School Warrior,Amritsar,Amritsar-I,262,Upper Primary,punjabi,SCH0333
SCH0084,Govt. Primary School Wali,patiala,Samana,378,Upper Primary,punjabi,SCH0084
SCH0279,Govt. Senior Secondary School Narayan,,Nihal Singh Wala,94,Secondary,punjabi,SCH0279
SCH0449,Govt. Primary School Keer,Ferozepur,Mamdot,362,secondary,hindi,SCH0449
SCH0080,Govt. Elementary School Roy,Sangrur,Dhuri,214,Primary,Punjabi,SCH0080
SCH0024,Govt. Primary School Bhandari,Ferozepur,,182,Primary,hindi,SCH0024
SCH0288,Govt. Middle School Goyal,Amritsar,Amritsar-II,200,secondary,hindi,SCH0288
SCH0302,Govt. Middle School Sama,Amritsar,Tarn Taran,151,Upper Primary,English,SCH0302
SCH0281,Govt. Elementary School Agarwal,Amritsar,Amritsar-II,218,Higher Secondary,Punjabi,SCH0281
SCH0245,Govt. Senior Secondary School Sarkar,Ludhiana,Doraha,233,Primary,hindi,SCH0245
SCH0291,Govt. Elementary School Seth,Sangrur,Sunam,139,Higher Secondary,punjabi,SCH0291
SCH0330,Govt. Middle School Badami,,Moga-I,211,Higher Secondary,hindi,SCH0330
SCH0138,Govt. Primary School Gandhi,Moga,Moga-II,229,Secondary,Hindi,SCH0138
SCH0189,Govt. Elementary School Mitter,ferozepur,Mamdot,334,Secondary,hindi,SCH0189
SCH0166,Govt. Middle School Devi,Moga,Moga-II,54,Primary,Hindi,SCH0166
SCH0297,Govt. Middle School Narayanan,Ludhiana,Doraha,312,Upper Primary,English,SCH0297
SCH0010,Govt. Elementary School Mani,Patiala,Samana,148,Higher Secondary,Hindi,SCH0010
SCH0197,Govt. Elementary School Dada,Moga,Nihal Singh Wala,106,Primary,punjabi,SCH0197
SCH0232,Govt. Primary School Choudhary,Ludhiana,Machhiwara,170,Upper Primary,Punjabi,SCH0232
SCH0320,Govt. Middle School Dave,Amritsar,Amritsar-I,402,Primary,English,SCH0320
SCH0182,Govt. Middle School Hari,,Nihal Singh Wala,330,Upper Primary,Punjabi,SCH0182
SCH0266,Govt. Middle School Hora,Jalandhar,Phillaur,202,primary,English,SCH0266
SCH0085,Govt. Elementary School Bandi,,,189,Secondary,Hindi,SCH0085
SCH0175,Govt. Senior Secondary School Naik,Ludhiana,Doraha,198,Higher Secondary,Punjabi,SCH0175
SCH0548,Govt. Elementary School Yohannan,Patiala,Rajpura,432,Secondary,punjabi,SCH0548
SCH0219,Govt. Senior Secondary School Oommen,moga,Bagha Purana,370,Primary,Punjabi,SCH0219
SCH0317,Govt. Middle School Purohit,Ferozepur,,399,Upper Primary,Hindi,SCH0317
SCH0491,Govt. Primary School Raman,,Dhuri,334,Upper Primary,hindi,SCH0491
SCH0391,Govt. Senior Secondary School Lad,Jalandhar,Nakodar,89,Secondary,English,SCH0391
SCH0214,Govt. Elementary School Chahal,Bathinda,Rampura Phul,102,Higher Secondary,Hindi,SCH0214
SCH0154,Govt. Middle School Chakraborty,Ferozepur,,436,Primary,Punjabi,SCH0154
SCH0076,Govt. Primary School Oommen,Moga,Bagha Purana,399,Secondary,English,SCH0076
SCH0093,Govt. Elementary School Bora,ludhiana,Machhiwara,251,Secondary,Punjabi,SCH0093
SCH0431,Govt. Middle School Sarin,Bathinda,Rampura Phul,384,Upper Primary,English,SCH0431
SCH0069,Govt. Elementary School Mital,Moga,Moga-I,299,Primary,English,SCH0069
SCH0016,Govt. Senior Secondary School Varughese,Ludhiana,Ludhiana-I,225,Secondary,Punjabi,SCH0016
SCH0193,Govt. Primary School Parmer,Jalandhar,Jalandhar-II,127,Secondary,Punjabi,SCH0193
SCH0376,Govt. Elementary School Talwar,Moga,Moga-I,212,Secondary,Punjabi,SCH0376
SCH0089,Govt. Middle School Krishnamurthy,Amritsar,Amritsar-II,385,Primary,Hindi,SCH0089
SCH0519,Govt. Elementary School Palan,,Maur,195,Upper Primary,punjabi,SCH0519
SCH0118,Govt. Middle School Hari,Sangrur,Sangrur,89,Upper Primary,hindi,SCH0118
SCH0410,Govt. Primary School Bath,Ludhiana,,224,Secondary,Punjabi,SCH0410
SCH0435,Govt. Middle School Rama,Amritsar,Amritsar-II,420,Higher Secondary,Punjabi,SCH0435
SCH0034,Govt. Senior Secondary School Kumar,Bathinda,Bathinda,94,Upper Primary,Hindi,SCH0034
SCH0001,Govt. Primary School Nadkarni,Amritsar,Amritsar-I,419,upper primary,hindi,SCH0001
SCH0119,Govt. Middle School Sur,Ferozepur,,252,Higher Secondary,English,SCH0119
SCH0554,Govt. Primary School Din,Patiala,Patiala,364,higher secondary,hindi,SCH0554
SCH0370,Govt. Primary School Pant,Jalandhar,Jalandhar-II,148,upper primary,punjabi,SCH0370
SCH0356,Govt. Middle School Brahmbhatt,Patiala,Patiala,294,Primary,Punjabi,SCH0356
SCH0454,Govt. Senior Secondary School Bala,Patiala,Rajpura,370,Upper Primary,English,SCH0454
SCH0552,Govt. Primary School Bhavsar,Patiala,Patiala,410,Higher Secondary,English,SCH0552
SCH0023,Govt. Senior Secondary School Bumb,Ludhiana,Machhiwara,412,Primary,Hindi,SCH0023
SCH0473,Govt. Middle School Nori,Jalandhar,Phillaur,346,Primary,Hindi,SCH0473
SCH0117,Govt. Primary School Reddy,Amritsar,Tarn Taran,398,higher secondary,English,SCH0117
SCH0090,Govt. Elementary School Pingle,Sangrur,Dhuri,182,Higher Secondary,punjabi,SCH0090
SCH0183,Govt. Primary School Narain,Jalandhar,,243,Secondary,Hindi,SCH0183
SCH0496,Govt. Middle School Hayre,Amritsar,Amritsar-II,283,Upper Primary,Hindi,SCH0496
SCH0412,Govt. Elementary School Anand,Amritsar,Ajnala,215,Higher Secondary,punjabi,SCH0412
SCH0019,Govt. Senior Secondary School Venkatesh,Sangrur,Dhuri,101,Primary,Punjabi,SCH0019
SCH0429,Govt. Elementary School Narain,Ferozepur,Zira,180,Secondary,Hindi,SCH0429
SCH0536,Govt. Middle School Chandran,Jalandhar,Jalandhar-I,311,Secondary,hindi,SCH0536
SCH0145,Govt. Elementary School Kashyap,Sangrur,Malerkotla,85,Primary,punjabi,SCH0145
SCH0303,Govt. Elementary School Bava,Jalandhar,,443,primary,Hindi,SCH0303
SCH0566,Govt. Primary School Ramachandran,Amritsar,Tarn Taran,378,Secondary,punjabi,SCH0566
SCH0558,Govt. Senior Secondary School Morar,Patiala,Rajpura,242,Upper Primary,English,SCH0558
SCH0426,Govt. Elementary School Andra,Ferozepur,Ferozepur,364,Primary,hindi,SCH0426
SCH0273,Govt. Senior Secondary School Parikh,Ferozepur,Makhu,189,Higher Secondary,English,SCH0273
SCH0262,Govt. Primary School Mital,Ferozepur,Makhu,236,Upper Primary,English,SCH0262
SCH0363,Govt. Elementary School Sankar,Bathinda,Rampura Phul,192,Primary,English,SCH0363
SCH0430,Govt. Senior Secondary School Dutt,Ferozepur,Makhu,399,Secondary,hindi,SCH0430
SCH0168,Govt. Elementary School Narayan,Amritsar,Amritsar-I,171,Upper Primary,English,SCH0168
SCH0055,Govt. Elementary School Sem,Sangrur,Malerkotla,424,Secondary,English,SCH0055
SCH0442,Govt. Middle School Karpe,Ferozepur,Mamdot,87,Upper Primary,Hindi,SCH0442
SCH0047,Govt. Senior Secondary School Karpe,Jalandhar,Jalandhar-II,255,Higher Secondary,English,SCH0047
SCH0094,Govt. Elementary School Pingle,Patiala,Samana,321,Secondary,hindi,SCH0094
SCH0305,Govt. Senior Secondary School Mane,Jalandhar,,87,secondary,English,SCH0305
SCH0109,Govt. Elementary School Pradhan,Ferozepur,Makhu,273,Upper Primary,punjabi,SCH0109
SCH0293,Govt. Primary School Wadhwa,Jalandhar,Phillaur,329,Higher Secondary,English,SCH0293
SCH0196,Govt. Senior Secondary School Kara,Ludhiana,Ludhiana-II,265,Higher Secondary,English,SCH0196
SCH0213,Govt. Elementary School Bhatt,Bathinda,Maur,192,Upper Primary,English,SCH0213
SCH0514,Govt. Primary School Mahal,Amritsar,Amritsar-I,72,Higher Secondary,hindi,SCH0514
SCH0468,Govt. Middle School Mishra,Bathinda,Talwandi Sabo,154,Secondary,punjabi,SCH0468
SCH0371,Govt. Elementary School Baral,Patiala,Nabha,344,primary,English,SCH0371
SCH0408,Govt. Primary School Salvi,Ludhiana,Ludhiana-I,96,higher secondary,Punjabi,SCH0408
SCH0008,Govt. Middle School Sibal,Amritsar,Amritsar-II,313,Upper Primary,hindi,SCH0008
SCH0413,Govt. Primary School Bhatnagar,Sangrur,Dhuri,372,upper primary,Hindi,SCH0413
SCH0424,Govt. Elementary School Baral,Bathinda,Rampura Phul,399,Upper Primary,hindi,SCH0424
SCH0285,Govt. Primary School Chaudhry,Ferozepur,Ferozepur,400,Secondary,hindi,SCH0285
SCH0276,Govt. Elementary School Naik,Sangrur,Sunam,364,Secondary,Punjabi,SCH0276
SCH0582,Govt. Primary School Tiwari,,Rajpura,416,Higher Secondary,punjabi,SCH0582
SCH0070,Govt. Elementary School Nair,Sangrur,Sunam,262,Secondary,hindi,SCH0070
SCH0265,Govt. Primary School Bhat,Ferozepur,Ferozepur,435,Upper Primary,punjabi,SCH0265
SCH0433,Govt. Senior Secondary School Hayre,Amritsar,Amritsar-I,235,Primary,English,SCH0433
SCH0299,Govt. Elementary School Sane,Patiala,Nabha,404,Upper Primary,hindi,SCH0299
SCH0250,Govt. Senior Secondary School Lad,Bathinda,Talwandi Sabo,191,Secondary,English,SCH0250
SCH0573,Govt. Middle School Thakkar,Patiala,Nabha,337,Upper Primary,hindi,SCH0573
SCH0275,Govt. Primary School Chandran,Ludhiana,Machhiwara,402,Secondary,punjabi,SCH0275
SCH0150,Govt. Primary School Parikh,ludhiana,Doraha,299,Higher Secondary,English,SCH0150
SCH0125,Govt. Primary School Srivastava,Moga,Moga-I,129,Upper Primary,punjabi,SCH0125
SCH0470,Govt. Elementary School Handa,Jalandhar,Nakodar,348,Primary,Punjabi,SCH0470
SCH0531,Govt. Senior Secondary School Acharya,Patiala,Patiala,61,Higher Secondary,Punjabi,SCH0531
SCH0186,Govt. Senior Secondary School Pillay,Moga,Moga-I,321,Secondary,hindi,SCH0186
SCH0334,Govt. Senior Secondary School Gole,Moga,Bagha Purana,271,Primary,hindi,SCH0334
SCH0313,Govt. Senior Secondary School Behl,Patiala,Nabha,422,Primary,Punjabi,SCH0313
SCH0478,Govt. Elementary School Padmanabhan,Ferozepur,Makhu,62,Higher Secondary,punjabi,SCH0478
SCH0311,Govt. Elementary School Sarkar,Amritsar,Amritsar-II,425,Higher Secondary,Hindi,SCH0311
SCH0350,Govt. Primary School Mann,Jalandhar,,292,Upper Primary,hindi,SCH0350
SCH0032,Govt. Senior Secondary School Narang,Bathinda,Maur,218,Upper Primary,hindi,SCH0032
SCH0587,Govt. Senior Secondary School Verma,Jalandhar,Phillaur,321,Upper Primary,Hindi,SCH0587
SCH0507,Govt. Middle School Gola,Ludhiana,Ludhiana-II,170,Primary,English,SCH0507
SCH0569,Govt. Middle School Gill,Bathinda,Rampura Phul,290,upper primary,English,SCH0569
SCH0487,Govt. Senior Secondary School Keer,Bathinda,Bathinda,436,Higher Secondary,hindi,SCH0487
SCH0142,Govt. Senior Secondary School Badami,Bathinda,Rampura Phul,207,Higher Secondary,hindi,SCH0142
SCH0020,Govt. Primary School Soman,amritsar,Amritsar-I,157,Primary,English,SCH0020
SCH0173,Govt. Senior Secondary School Johal,Moga,Moga-II,62,Secondary,punjabi,SCH0173
SCH0484,Govt. Elementary School Hayre,Jalandhar,Jalandhar-I,422,upper primary,hindi,SCH0484
SCH0483,Govt. Middle School Varkey,Sangrur,Sunam,229,Higher Secondary,punjabi,SCH0483
SCH0026,Govt. Elementary School Narayan,,Ludhiana-II,234,Higher Secondary,hindi,SCH0026
SCH0447,Govt. Middle School Dash,Ferozepur,,422,Primary,Punjabi,SCH0447
SCH0590,Govt. Elementary School Khare,Sangrur,,151,Higher Secondary,hindi,SCH0590
SCH0285,Govt. Primary School Chaudhry,Ferozepur,Ferozepur,400,Secondary,hindi,SCH0285
SCH0319,Govt. Primary School Bassi,Ludhiana,Ludhiana-II,84,Primary,Hindi,SCH0319
SCH0246,Govt. Primary School Chaudhari,Patiala,Rajpura,146,Secondary,Hindi,SCH0246
SCH0339,Govt. Elementary School Zacharia,jalandhar,Jalandhar-I,46,upper primary,Punjabi,SCH0339
SCH0155,Govt. Senior Secondary School Chander,Ferozepur,Makhu,169,Upper Primary,English,SCH0155
SCH0127,Govt. Elementary School Palla,Bathinda,Talwandi Sabo,369,Primary,Punjabi,SCH0127
SCH0368,Govt. Elementary School Raman,ferozepur,Zira,323,Higher Secondary,punjabi,SCH0368
SCH0114,Govt. Primary School Randhawa,Sangrur,Malerkotla,422,Primary,Hindi,SCH0114
SCH0174,Govt. Senior Secondary School Lanka,sangrur,,109,higher secondary,Hindi,SCH0174
SCH0058,Govt. Elementary School Savant,Ferozepur,Mamdot,434,Primary,English,SCH0058
SCH0345,Govt. Elementary School Mangal,Ludhiana,Machhiwara,440,Higher Secondary,hindi,SCH0345
SCH0223,Govt. Senior Secondary School Mallick,Bathinda,Maur,47,Secondary,punjabi,SCH0223
SCH0018,Govt. Elementary School Palla,Bathinda,Talwandi Sabo,148,Upper Primary,English,SCH0018
SCH0321,Govt. Primary School Nayak,Jalandhar,Nakodar,104,Secondary,Punjabi,SCH0321
SCH0256,Govt. Middle School Chaudhry,Jalandhar,Jalandhar-I,89,Upper Primary,English,SCH0256
SCH0328,Govt. Senior Secondary School Sarraf,Sangrur,Sangrur,228,Secondary,hindi,SCH0328
SCH0592,Govt. Primary School Ray,Ludhiana,,56,Secondary,punjabi,SCH0592
SCH0191,Govt. Senior Secondary School Bera,Amritsar,Amritsar-II,195,Secondary,hindi,SCH0191
SCH0342,Govt. Senior Secondary School Kashyap,Sangrur,Sangrur,235,Upper Primary,punjabi,SCH0342
SCH0544,Govt. Senior Secondary School Khalsa,Ferozepur,Zira,138,Upper Primary,hindi,SCH0544
SCH0292,Govt. Middle School Deo,Sangrur,Sunam,82,Upper Primary,English,SCH0292
SCH0095,Govt. Primary School Kanda,Patiala,Nabha,199,higher secondary,Punjabi,SCH0095
SCH0181,Govt. Primary School Lala,Ludhiana,Ludhiana-II,351,higher secondary,English,SCH0181
SCH0396,Govt. Senior Secondary School Deshmukh,Moga,Moga-I,42,Upper Primary,Hindi,SCH0396
SCH0355,Govt. Primary School Tripathi,,Jalandhar-II,413,Higher Secondary,English,SCH0355
SCH0551,Govt. Middle School Tara,Moga,,110,Upper Primary,punjabi,SCH0551
SCH0335,Govt. Primary School Kota,Amritsar,Amritsar-II,94,Higher Secondary,Hindi,SCH0335
SCH0006,Govt. Primary School Bahri,moga,Moga-II,400,Upper Primary,Punjabi,SCH0006
SCH0046,Govt. Elementary School Mody,Moga,Bagha Purana,379,Secondary,English,SCH0046
SCH0575,Govt. Middle School Nair,Ludhiana,Doraha,251,Secondary,Hindi,SCH0575
SCH0417,Govt. Elementary School Ahuja,Amritsar,Tarn Taran,378,Higher Secondary,hindi,SCH0417
SCH0526,Govt. Elementary School Raman,Ludhiana,,81,upper primary,punjabi,SCH0526
SCH0017,Govt. Elementary School Pandit,Amritsar,Tarn Taran,75,upper primary,Hindi,SCH0017
SCH0049,Govt. Middle School Purohit,Patiala,Rajpura,446,Upper Primary,hindi,SCH0049
SCH0598,Govt. Primary School Warrior,Bathinda,Maur,40,Higher Secondary,Hindi,SCH0598
SCH0564,Govt. Primary School Nair,Bathinda,Talwandi Sabo,358,Upper Primary,hindi,SCH0564
SCH0004,Govt. Elementary School Kaur,Bathinda,,150,secondary,English,SCH0004
SCH0350,Govt. Primary School Mann,Jalandhar,,292,Upper Primary,hindi,SCH0350
SCH0556,Govt. Middle School Dar,Amritsar,,261,higher secondary,hindi,SCH0556
SCH0470,Govt. Elementary School Handa,Jalandhar,Nakodar,348,Primary,Punjabi,SCH0470
SCH0389,Govt. Primary School Borra,Ludhiana,Machhiwara,191,Higher Secondary,hindi,SCH0389
SCH0465,Govt. Senior Secondary School Banerjee,patiala,Rajpura,158,Secondary,English,SCH0465
SCH0395,Govt. Elementary School Bose,Sangrur,Sunam,201,Upper Primary,Hindi,SCH0395
SCH0226,Govt. Primary School Upadhyay,Ludhiana,Doraha,374,upper primary,Hindi,SCH0226
SCH0027,Govt. Primary School Lal,Sangrur,Sunam,137,Primary,Punjabi,SCH0027
SCH0584,Govt. Senior Secondary School Sahota,Jalandhar,Phillaur,370,Primary,English,SCH0584
SCH0264,Govt. Elementary School Ghosh,Ludhiana,Doraha,441,Higher Secondary,hindi,SCH0264
SCH0051,Govt. Senior Secondary School Sarkar,Patiala,Rajpura,352,Primary,punjabi,SCH0051
SCH0230,Govt. Senior Secondary School Badal,Patiala,Nabha,124,higher secondary,punjabi,SCH0230
SCH0038,Govt. Senior Secondary School Mandal,Ferozepur,Zira,61,Primary,Punjabi,SCH0038
SCH0158,Govt. Middle School Tella,Moga,Nihal Singh Wala,138,Upper Primary,Punjabi,SCH0158
SCH0238,Govt. Primary School Amble,Patiala,Nabha,74,Primary,Punjabi,SCH0238
SCH0593,Govt. Middle School Iyer,Jalandhar,Jalandhar-II,384,Upper Primary,Punjabi,SCH0593
SCH0176,Govt. Elementary School Barad,Moga,Bagha Purana,103,Higher Secondary,punjabi,SCH0176
SCH0520,Govt. Primary School Banerjee,Sangrur,Malerkotla,44,Secondary,Hindi,SCH0520
SCH0437,Govt. Senior Secondary School Loyal,Patiala,Rajpura,155,Secondary,Hindi,SCH0437
SCH0195,Govt. Elementary School Dhillon,Sangrur,Malerkotla,368,Higher Secondary,Punjabi,SCH0195
SCH0522,Govt. Primary School Lalla,Patiala,Samana,185,Secondary,English,SCH0522
SCH0384,Govt. Senior Secondary School Parekh,Ferozepur,Ferozepur,439,Primary,hindi,SCH0384
SCH0597,Govt. Senior Secondary School Zacharia,Moga,Moga-II,354,Higher Secondary,Hindi,SCH0597
SCH0528,Govt. Senior Secondary School Sunder,Patiala,Patiala,141,Primary,English,SCH0528
SCH0068,Govt. Primary School Mangat,Amritsar,Ajnala,390,Primary,punjabi,SCH0068
SCH0415,Govt. Elementary School Mandal,Ludhiana,,287,Primary,English,SCH0415
SCH0169,Govt. Elementary School Walia,,,102,Higher Secondary,punjabi,SCH0169
SCH0501,Govt. Primary School Devi,Ludhiana,Doraha,241,Upper Primary,punjabi,SCH0501
SCH0163,Govt. Primary School Ratta,Jalandhar,Nakodar,66,Secondary,hindi,SCH0163
SCH0310,Govt. Elementary School Nair,Sangrur,Malerkotla,409,Upper Primary,Punjabi,SCH0310
SCH0194,Govt. Elementary School Suresh,Amritsar,Amritsar-I,368,Secondary,Punjabi,SCH0194
SCH0153,Govt. Senior Secondary School Vohra,Amritsar,Amritsar-II,60,Higher Secondary,English,SCH0153
SCH0351,Govt. Senior Secondary School Morar,Patiala,Patiala,309,Secondary,English,SCH0351
SCH0361,Govt. Elementary School Bumb,Amritsar,Amritsar-I,213,Higher Secondary,Hindi,SCH0361
SCH0227,Govt. Senior Secondary School Samra,Ferozepur,Makhu,393,Secondary,Hindi,SCH0227
SCH0357,Govt. Middle School Bhatti,Moga,Nihal Singh Wala,45,Upper Primary,Punjabi,SCH0357
SCH0104,Govt. Primary School Chacko,Amritsar,Amritsar-II,363,Secondary,Punjabi,SCH0104
SCH0420,Govt. Elementary School Nair,Amritsar,Tarn Taran,267,higher secondary,Punjabi,SCH0420
SCH0075,Govt. Middle School Mody,Ferozepur,Zira,196,Secondary,hindi,SCH0075
SCH0452,Govt. Senior Secondary School Jaggi,Patiala,Nabha,422,Secondary,English,SCH0452
SCH0596,Govt. Middle School Tank,Amritsar,Tarn Taran,410,Secondary,hindi,SCH0596
SCH0120,Govt. Middle School Sharaf,Patiala,Rajpura,267,secondary,English,SCH0120
SCH0416,Govt. Middle School Batra,Moga,Moga-I,400,Upper Primary,hindi,SCH0416
SCH0439,Govt. Middle School Sankar,Ferozepur,,259,secondary,punjabi,SCH0439
SCH0581,Govt. Elementary School Srivastava,Moga,Nihal Singh Wala,353,Primary,Punjabi,SCH0581
SCH0208,Govt. Elementary School Rattan,Bathinda,Bathinda,345,Upper Primary,hindi,SCH0208
SCH0358,Govt. Elementary School Panchal,Ludhiana,Ludhiana-I,237,Higher Secondary,punjabi,SCH0358
SCH0527,Govt. Senior Secondary School Bath,Jalandhar,Jalandhar-II,168,primary,punjabi,SCH0527
SCH0366,Govt. Primary School Hari,Ferozepur,Zira,229,Secondary,punjabi,SCH0366
SCH0434,Govt. Primary School Bandi,Jalandhar,Jalandhar-I,393,Upper Primary,punjabi,SCH0434
SCH0009,Govt. Middle School Bakshi,Patiala,Samana,433,Upper Primary,Punjabi,SCH0009
SCH0405,Govt. Primary School Agarwal,Bathinda,Maur,254,Primary,Punjabi,SCH0405
SCH0037,Govt. Middle School More,Ludhiana,Ludhiana-I,78,Upper Primary,Hindi,SCH0037
SCH0140,Govt. Middle School Garg,Bathinda,Maur,426,Secondary,hindi,SCH0140
SCH0254,Govt. Primary School Kapadia,Sangrur,,70,Higher Secondary,hindi,SCH0254
SCH0304,Govt. Senior Secondary School Dubey,Sangrur,Dhuri,40,Higher Secondary,English,SCH0304
SCH0529,Govt. Middle School Ganguly,Moga,Moga-II,362,Primary,Punjabi,SCH0529
SCH0060,Govt. Elementary School Srinivas,Ferozepur,Makhu,382,Higher Secondary,hindi,SCH0060
SCH0112,Govt. Senior Secondary School Bhagat,Amritsar,,198,Primary,English,SCH0112
SCH0502,Govt. Middle School Yogi,Moga,Moga-I,46,Higher Secondary,English,SCH0502
SCH0559,Govt. Elementary School Bera,Ferozepur,Makhu,390,primary,English,SCH0559
SCH0381,Govt. Elementary School Varma,,Ferozepur,388,Secondary,punjabi,SCH0381
SCH0263,Govt. Elementary School Oak,Ludhiana,Ludhiana-I,263,Primary,English,SCH0263
SCH0516,Govt. Middle School Misra,Bathinda,Talwandi Sabo,360,upper primary,English,SCH0516
SCH0298,Govt. Senior Secondary School Sibal,Amritsar,Amritsar-II,424,Primary,Hindi,SCH0298
SCH0151,Govt. Primary School Dugar,Amritsar,Amritsar-I,354,Higher Secondary,hindi,SCH0151
SCH0267,Govt. Elementary School Basak,Amritsar,Amritsar-II,84,Higher Secondary,Punjabi,SCH0267
SCH0535,Govt. Elementary School Viswanathan,Sangrur,Sunam,330,Secondary,hindi,SCH0535
SCH0360,Govt. Senior Secondary School Bhat,Bathinda,Bathinda,203,primary,Hindi,SCH0360
SCH0547,Govt. Middle School Lad,Moga,Bagha Purana,251,Higher Secondary,hindi,SCH0547
SCH0039,Govt. Senior Secondary School Baral,Moga,Nihal Singh Wala,357,Upper Primary,Punjabi,SCH0039
SCH0515,Govt. Elementary School Rattan,Amritsar,Amritsar-I,174,Primary,Hindi,SCH0515
SCH0308,Govt. Middle School Butala,amritsar,Amritsar-II,236,primary,Hindi,SCH0308
SCH0199,Govt. Elementary School Nath,Moga,Bagha Purana,137,Higher Secondary,English,SCH0199
SCH0498,Govt. Elementary School Pillay,Moga,Moga-II,438,Primary,hindi,SCH0498
SCH0382,Govt. Primary School Lanka,Moga,Bagha Purana,123,Secondary,punjabi,SCH0382
SCH0147,Govt. Senior Secondary School Das,Moga,Bagha Purana,412,Upper Primary,Hindi,SCH0147
SCH0504,Govt. Senior Secondary School Barad,Moga,Bagha Purana,245,Upper Primary,English,SCH0504
SCH0549,Govt. Middle School Krishnamurthy,Ludhiana,,185,Upper Primary,Hindi,SCH0549
SCH0148,Govt. Elementary School Sastry,Jalandhar,Jalandhar-I,130,Higher Secondary,hindi,SCH0148
SCH0450,Govt. Primary School Kurian,Amritsar,Amritsar-I,398,Secondary,English,SCH0450
SCH0349,Govt. Primary School Jaggi,Jalandhar,Jalandhar-II,343,Secondary,English,SCH0349
SCH0326,Govt. Primary School Balasubramanian,Ferozepur,Makhu,178,secondary,hindi,SCH0326
SCH0421,Govt. Primary School Behl,Sangrur,Sangrur,92,Primary,hindi,SCH0421
SCH0124,Govt. Middle School Goda,Jalandhar,Nakodar,448,primary,Hindi,SCH0124
SCH0537,Govt. Senior Secondary School Jayaraman,Ferozepur,Zira,49,Secondary,Punjabi,SCH0537
SCH0097,Govt. Middle School Prakash,Sangrur,Sunam,236,Upper Primary,punjabi,SCH0097
SCH0144,Govt. Primary School Bakshi,Ferozepur,Mamdot,403,secondary,Hindi,SCH0144
SCH0240,Govt. Senior Secondary School Mitter,Moga,Bagha Purana,161,Upper Primary,English,SCH0240
SCH0404,Govt. Primary School Keer,Amritsar,Ajnala,282,Upper Primary,Punjabi,SCH0404
SCH0098,Govt. Elementary School Soman,Moga,Bagha Purana,41,Secondary,punjabi,SCH0098
SCH0372,Govt. Senior Secondary School Mody,Sangrur,Sangrur,442,higher secondary,hindi,SCH0372
SCH0325,Govt. Elementary School Babu,Moga,Nihal Singh Wala,116,Primary,Hindi,SCH0325
SCH0280,Govt. Elementary School Modi,Sangrur,Sunam,216,higher secondary,Punjabi,SCH0280
SCH0294,Govt. Primary School Arora,Moga,Moga-I,429,Upper Primary,Hindi,SCH0294
SCH0588,Govt. Senior Secondary School Sahota,Jalandhar,Jalandhar-I,254,Higher Secondary,Hindi,SCH0588
SCH0123,Govt. Primary School Cheema,Patiala,Nabha,159,Upper Primary,Hindi,SCH0123
SCH0184,Govt. Senior Secondary School Hora,Sangrur,Dhuri,327,Secondary,English,SCH0184
SCH0203,Govt. Middle School Grewal,Patiala,Samana,323,Higher Secondary,hindi,SCH0203
SCH0324,Govt. Primary School Sundaram,Amritsar,Amritsar-II,419,Primary,punjabi,SCH0324
SCH0247,Govt. Senior Secondary School Barad,Amritsar,Tarn Taran,164,Upper Primary,English,SCH0247
SCH0448,Govt. Senior Secondary School Sandal,Ludhiana,Ludhiana-II,446,Primary,punjabi,SCH0448
SCH0031,Govt. Primary School Mohanty,Sangrur,,424,Primary,Hindi,SCH0031
SCH0513,Govt. Primary School Sachdeva,Ludhiana,Ludhiana-II,412,Secondary,punjabi,SCH0513
SCH0440,Govt. Middle School Devan,Jalandhar,Jalandhar-I,118,Primary,hindi,SCH0440
SCH0546,Govt. Elementary School Prabhakar,Jalandhar,Phillaur,298,Upper Primary,English,SCH0546
SCH0418,Govt. Senior Secondary School Comar,Ludhiana,,369,Higher Secondary,punjabi,SCH0418
SCH0126,Govt. Primary School Pillay,Sangrur,Malerkotla,302,Higher Secondary,hindi,SCH0126
SCH0403,Govt. Primary School Garde,Ludhiana,Ludhiana-I,378,primary,punjabi,SCH0403
SCH0457,Govt. Elementary School Varty,amritsar,Ajnala,357,Upper Primary,English,SCH0457
SCH0443,Govt. Senior Secondary School Chakrabarti,Sangrur,Sangrur,98,Higher Secondary,English,SCH0443
SCH0224,Govt. Senior Secondary School Kunda,Ferozepur,Makhu,84,Primary,Hindi,SCH0224
SCH0343,Govt. Elementary School Bassi,Jalandhar,Jalandhar-I,354,Upper Primary,hindi,SCH0343
SCH0054,Govt. Elementary School Bajwa,Moga,Nihal Singh Wala,353,Higher Secondary,punjabi,SCH0054
SCH0220,Govt. Elementary School Mishra,Jalandhar,Phillaur,130,Primary,Hindi,SCH0220
SCH0130,Govt. Elementary School Mall,Patiala,Rajpura,271,Higher Secondary,Punjabi,SCH0130
SCH0560,Govt. Senior Secondary School Rajagopalan,Patiala,Samana,216,Primary,hindi,SCH0560
SCH0423,Govt. Senior Secondary School Master,Moga,,406,higher secondary,English,SCH0423
SCH0480,Govt. Primary School Brar,,Makhu,136,Primary,punjabi,SCH0480
SCH0562,Govt. Middle School Andra,Amritsar,,164,Upper Primary,Punjabi,SCH0562
SCH0425,Govt. Senior Secondary School Wason,Patiala,Nabha,101,Higher Secondary,Punjabi,SCH0425
SCH0101,Govt. Elementary School Saxena,Sangrur,,104,Secondary,punjabi,SCH0101
SCH0432,Govt. Elementary School Sura,Sangrur,Dhuri,385,Secondary,hindi,SCH0432
SCH0387,Govt. Middle School Varty,Moga,Bagha Purana,192,higher secondary,English,SCH0387
SCH0599,Govt. Senior Secondary School Vala,Ferozepur,Mamdot,63,upper primary,English,SCH0599
SCH0295,Govt. Primary School Sule,Bathinda,Bathinda,270,Primary,Hindi,SCH0295
SCH0268,Govt. Primary School Amble,Moga,Moga-I,345,Secondary,punjabi,SCH0268
SCH0495,Govt. Elementary School Sandal,Moga,Moga-I,398,Upper Primary,English,SCH0495
SCH0445,Govt. Primary School Wason,Sangrur,Dhuri,62,Upper Primary,Hindi,SCH0445
SCH0113,Govt. Middle School Subramaniam,Moga,Nihal Singh Wala,129,Secondary,English,SCH0113
SCH0180,Govt. Elementary School Sha,Moga,Nihal Singh Wala,180,primary,Hindi,SCH0180
SCH0451,Govt. Primary School Dasgupta,Amritsar,Ajnala,431,Higher Secondary,hindi,SCH0451
SCH0494,Govt. Senior Secondary School Kurian,Amritsar,Tarn Taran,364,Upper Primary,punjabi,SCH0494
SCH0482,Govt. Elementary School Sibal,Ferozepur,Makhu,353,Higher Secondary,hindi,SCH0482
SCH0374,Govt. Elementary School Yohannan,Ferozepur,Mamdot,332,Primary,hindi,SCH0374
SCH0315,Govt. Primary School Chakraborty,Ferozepur,,319,Higher Secondary,Punjabi,SCH0315
SCH0152,Govt. Elementary School Dass,Patiala,Samana,349,Upper Primary,English,SCH0152
SCH0172,Govt. Primary School Konda,Ludhiana,Machhiwara,231,Primary,Punjabi,SCH0172
SCH0234,Govt. Senior Secondary School Tak,Moga,Nihal Singh Wala,269,Higher Secondary,English,SCH0234
SCH0307,Govt. Elementary School Wali,,Rajpura,44,Secondary,punjabi,SCH0307
SCH0458,Govt. Senior Secondary School Murty,Jalandhar,Nakodar,201,upper primary,punjabi,SCH0458
SCH0165,Govt. Middle School Mallick,Patiala,Rajpura,218,higher secondary,Punjabi,SCH0165
SCH0318,Govt. Elementary School Rout,Jalandhar,Nakodar,240,Primary,Hindi,SCH0318
SCH0137,Govt. Senior Secondary School Dani,Ferozepur,Ferozepur,112,primary,punjabi,SCH0137
SCH0411,Govt. Elementary School Narayanan,Ludhiana,Ludhiana-II,379,Secondary,English,SCH0411
SCH0198,Govt. Elementary School Sachar,patiala,Nabha,89,Higher Secondary,Hindi,SCH0198
SCH0571,Govt. Elementary School Gaba,Patiala,Nabha,214,upper primary,hindi,SCH0571
SCH0259,Govt. Primary School Munshi,Sangrur,Dhuri,370,Primary,hindi,SCH0259
SCH0233,Govt. Senior Secondary School Mutti,,Ludhiana-I,281,Higher Secondary,punjabi,SCH0233
SCH0116,Govt. Middle School Gandhi,Ferozepur,Makhu,95,higher secondary,Hindi,SCH0116
SCH0121,Govt. Elementary School Deshmukh,Ludhiana,,181,Primary,Hindi,SCH0121
SCH0464,Govt. Elementary School Khalsa,Jalandhar,Jalandhar-II,268,Upper Primary,Punjabi,SCH0464
SCH0508,Govt. Senior Secondary School Kara,Bathinda,Rampura Phul,50,Secondary,hindi,SCH0508
SCH0377,Govt. Middle School Gandhi,Patiala,Nabha,193,Higher Secondary,punjabi,SCH0377
SCH0385,Govt. Middle School Mane,Ludhiana,Ludhiana-II,169,Secondary,punjabi,SCH0385
SCH0225,Govt. Middle School Chaudhry,Ludhiana,Doraha,236,Secondary,hindi,SCH0225
SCH0586,Govt. Elementary School Tailor,Amritsar,Amritsar-I,98,secondary,hindi,SCH0586
SCH0489,Govt. Elementary School Pant,Jalandhar,Jalandhar-I,181,Secondary,hindi,SCH0489
SCH0348,Govt. Elementary School Sarraf,Bathinda,Bathinda,431,Upper Primary,Hindi,SCH0348
SCH0128,Govt. Primary School Walla,Sangrur,Dhuri,77,Secondary,hindi,SCH0128
SCH0079,Govt. Primary School Dash,Bathinda,Maur,366,higher secondary,punjabi,SCH0079
SCH0446,Govt. Elementary School Kala,Ludhiana,Ludhiana-I,147,Upper Primary,Hindi,SCH0446
SCH0286,Govt. Elementary School Badal,Jalandhar,Nakodar,206,Primary,English,SCH0286
SCH0570,Govt. Primary School Padmanabhan,Patiala,Samana,71,Higher Secondary,English,SCH0570
SCH0044,Govt. Primary School Rajagopalan,Ferozepur,Makhu,413,Higher Secondary,hindi,SCH0044
SCH0108,Govt. Middle School Warrior,Sangrur,Malerkotla,386,Primary,English,SCH0108
SCH0523,Govt. Primary School Hora,Amritsar,Tarn Taran,356,Higher Secondary,hindi,SCH0523
SCH0557,Govt. Senior Secondary School Raghavan,ludhiana,Machhiwara,174,Higher Secondary,punjabi,SCH0557
SCH0134,Govt. Elementary School Suri,Bathinda,Rampura Phul,93,Upper Primary,Punjabi,SCH0134
SCH0441,Govt. Primary School Gara,Moga,Moga-I,441,Upper Primary,Hindi,SCH0441
SCH0062,Govt. Middle School Pradhan,Jalandhar,Jalandhar-I,173,Upper Primary,punjabi,SCH0062
SCH0045,Govt. Senior Secondary School Divan,Patiala,Samana,62,Primary,Punjabi,SCH0045
SCH0170,Govt. Middle School Mallick,Ludhiana,Ludhiana-II,407,higher secondary,punjabi,SCH0170
SCH0066,Govt. Senior Secondary School Devan,Moga,Moga-II,350,Primary,Punjabi,SCH0066
SCH0284,Govt. Senior Secondary School Prakash,Patiala,Rajpura,362,Higher Secondary,punjabi,SCH0284
SCH0086,Govt. Middle School Tata,Bathinda,Maur,257,Upper Primary,Punjabi,SCH0086
SCH0243,Govt. Senior Secondary School Deep,Bathinda,Maur,277,Higher Secondary,English,SCH0243
SCH0187,Govt. Primary School Chaudhari,Patiala,Patiala,142,Upper Primary,hindi,SCH0187
SCH0327,Govt. Middle School Muni,Ludhiana,Machhiwara,75,Secondary,hindi,SCH0327
SCH0160,Govt. Middle School Munshi,Jalandhar,Phillaur,62,Upper Primary,punjabi,SCH0160
SCH0013,Govt. Middle School Contractor,Bathinda,Bathinda,388,Secondary,punjabi,SCH0013
SCH0036,Govt. Elementary School Solanki,Ludhiana,Doraha,434,Secondary,punjabi,SCH0036
SCH0029,Govt. Primary School Lad,Amritsar,Amritsar-II,246,Upper Primary,punjabi,SCH0029
SCH0171,Govt. Primary School Dasgupta,Jalandhar,Jalandhar-I,308,Primary,punjabi,SCH0171
SCH0143,Govt. Elementary School Venkataraman,Patiala,Samana,76,Primary,English,SCH0143
SCH0237,Govt. Elementary School Sood,Jalandhar,Nakodar,136,primary,Punjabi,SCH0237
SCH0497,Govt. Senior Secondary School Wali,Sangrur,Sunam,160,Secondary,hindi,SCH0497
SCH0517,Govt. Senior Secondary School Mangat,Sangrur,Dhuri,316,higher secondary,punjabi,SCH0517
SCH0580,Govt. Primary School Apte,Sangrur,Malerkotla,274,Higher Secondary,punjabi,SCH0580
SCH0222,Govt. Middle School Edwin,Sangrur,Sunam,298,Upper Primary,punjabi,SCH0222
SCH0591,Govt. Senior Secondary School Anand,Ludhiana,,320,upper primary,English,SCH0591
SCH0096,Govt. Elementary School Walia,Jalandhar,Phillaur,406,Secondary,Hindi,SCH0096
SCH0052,Govt. Primary School Kannan,Sangrur,Dhuri,164,Primary,Hindi,SCH0052
SCH0241,Govt. Middle School Dass,Ludhiana,Ludhiana-II,360,higher secondary,punjabi,SCH0241
SCH0525,Govt. Elementary School Karpe,Ludhiana,Machhiwara,151,Secondary,punjabi,SCH0525
SCH0352,Govt. Middle School Jayaraman,,Nakodar,70,Upper Primary,English,SCH0352
SCH0533,Govt. Elementary School Tailor,Amritsar,Amritsar-II,289,Secondary,Punjabi,SCH0533
SCH0179,Govt. Elementary School Raman,Bathinda,Rampura Phul,268,Higher Secondary,Punjabi,SCH0179
SCH0461,Govt. Primary School Ramachandran,bathinda,Bathinda,412,Primary,hindi,SCH0461
SCH0543,Govt. Primary School Dey,ludhiana,Ludhiana-I,195,Upper Primary,Hindi,SCH0543
SCH0042,Govt. Elementary School Bhatnagar,Ferozepur,Makhu,182,Secondary,hindi,SCH0042
SCH0572,Govt. Middle School Dey,Patiala,Rajpura,163,Higher Secondary,Hindi,SCH0572
SCH0539,Govt. Senior Secondary School Kalita,Amritsar,Amritsar-I,307,Primary,Punjabi,SCH0539
SCH0207,Govt. Primary School Kaul,Sangrur,Malerkotla,283,Secondary,hindi,SCH0207
SCH0393,Govt. Senior Secondary School Bava,Bathinda,Talwandi Sabo,100,Primary,punjabi,SCH0393
SCH0283,Govt. Middle School Reddy,Amritsar,Amritsar-II,419,Upper Primary,punjabi,SCH0283
SCH0359,Govt. Primary School Bhavsar,Moga,Nihal Singh Wala,91,Upper Primary,Punjabi,SCH0359
SCH0398,Govt. Primary School Narasimhan,Patiala,Samana,47,upper primary,Hindi,SCH0398
SCH0255,Govt. Middle School Barman,Ferozepur,,48,Secondary,punjabi,SCH0255
SCH0518,Govt. Elementary School Sibal,Ferozepur,Makhu,217,Upper Primary,punjabi,SCH0518
SCH0218,Govt. Senior Secondary School Dugar,Ludhiana,Ludhiana-II,248,Higher Secondary,English,SCH0218
SCH0005,Govt. Elementary School Bajwa,Bathinda,,413,Primary,English,SCH0005
SCH0550,Govt. Senior Secondary School Mittal,Patiala,,51,Secondary,punjabi,SCH0550
SCH0099,Govt. Middle School Korpal,Sangrur,Malerkotla,210,Higher Secondary,Hindi,SCH0099
SCH0407,Govt. Elementary School Mitter,Bathinda,Maur,60,Upper Primary,Punjabi,SCH0407
SCH0503,Govt. Elementary School Lala,Jalandhar,Nakodar,161,Secondary,punjabi,SCH0503
SCH0048,Govt. Middle School Chana,Ferozepur,Ferozepur,195,Higher Secondary,punjabi,SCH0048
SCH0033,Govt. Primary School Shroff,Bathinda,Bathinda,381,Secondary,Hindi,SCH0033
SCH0201,Govt. Primary School Sagar,Ludhiana,Doraha,293,Higher Secondary,punjabi,SCH0201
SCH0135,Govt. Primary School Raghavan,Moga,Bagha Purana,98,Upper Primary,English,SCH0135
SCH0028,Govt. Primary School Sengupta,Ludhiana,Machhiwara,297,upper primary,Punjabi,SCH0028
SCH0541,Govt. Senior Secondary School Badami,Bathinda,Bathinda,227,primary,Punjabi,SCH0541
SCH0231,Govt. Primary School Datta,Amritsar,Tarn Taran,68,Higher Secondary,English,SCH0231
SCH0490,Govt. Middle School Dutta,Ludhiana,Ludhiana-I,86,Secondary,Hindi,SCH0490
SCH0379,Govt. Primary School Balay,Jalandhar,Jalandhar-I,199,higher secondary,Hindi,SCH0379
SCH0289,Govt. Elementary School Mohanty,Ferozepur,Mamdot,345,Higher Secondary,Hindi,SCH0289
SCH0419,Govt. Elementary School Sarkar,Moga,Moga-II,209,Primary,Hindi,SCH0419
SCH0392,Govt. Middle School Kara,Amritsar,Amritsar-II,221,Secondary,hindi,SCH0392
SCH0499,Govt. Middle School Oak,Ludhiana,Machhiwara,230,Higher Secondary,hindi,SCH0499
SCH0139,Govt. Elementary School Lata,jalandhar,Jalandhar-I,385,Higher Secondary,punjabi,SCH0139
SCH0063,Govt. Primary School Singhal,Bathinda,Talwandi Sabo,169,higher secondary,English,SCH0063
SCH0472,Govt. Senior Secondary School Nazareth,Jalandhar,,108,Primary,English,SCH0472
SCH0129,Govt. Elementary School Malhotra,Moga,,345,Higher Secondary,Punjabi,SCH0129
SCH0420,Govt. Elementary School Nair,Amritsar,Tarn Taran,267,higher secondary,Punjabi,SCH0420
SCH0521,Govt. Senior Secondary School Sharaf,Ferozepur,Mamdot,242,Higher Secondary,punjabi,SCH0521
SCH0065,Govt. Senior Secondary School Palla,Jalandhar,Jalandhar-II,104,Primary,English,SCH0065
SCH0015,Govt. Primary School Brahmbhatt,Bathinda,Maur,118,Upper Primary,punjabi,SCH0015
SCH0157,Govt. Middle School Keer,Jalandhar,Jalandhar-I,370,secondary,Hindi,SCH0157
SCH0041,Govt. Senior Secondary School Kuruvilla,Sangrur,Sunam,142,Higher Secondary,Hindi,SCH0041
SCH0493,Govt. Primary School Bhattacharyya,Sangrur,Sunam,427,Higher Secondary,English,SCH0493
SCH0380,Govt. Middle School Minhas,Ludhiana,Ludhiana-II,56,Secondary,punjabi,SCH0380
SCH0188,Govt. Elementary School Vig,Moga,Nihal Singh Wala,322,primary,punjabi,SCH0188
SCH0217,Govt. Primary School Apte,Patiala,Nabha,66,Secondary,Hindi,SCH0217
SCH0053,Govt. Elementary School Tailor,Jalandhar,Phillaur,65,Primary,hindi,SCH0053
SCH0338,Govt. Senior Secondary School Wali,Bathinda,,55,Higher Secondary,Punjabi,SCH0338
SCH0296,Govt. Senior Secondary School Dash,Patiala,Samana,403,Higher Secondary,Hindi,SCH0296
SCH0252,Govt. Primary School Krish,Sangrur,Sunam,317,Primary,Punjabi,SCH0252
SCH0462,Govt. Senior Secondary School Gulati,Ferozepur,Zira,58,Higher Secondary,Hindi,SCH0462
SCH0456,Govt. Middle School Bhatnagar,bathinda,Bathinda,168,Higher Secondary,Hindi,SCH0456
SCH0235,Govt. Senior Secondary School Balan,Amritsar,Amritsar-II,315,Upper Primary,Punjabi,SCH0235
SCH0270,Govt. Primary School Nadkarni,Jalandhar,Jalandhar-I,125,Higher Secondary,Hindi,SCH0270
SCH0202,Govt. Elementary School Karpe,Jalandhar,,412,Higher Secondary,hindi,SCH0202
SCH0162,Govt. Elementary School Deshpande,Sangrur,Dhuri,433,Higher Secondary,Hindi,SCH0162
SCH0402,Govt. Primary School Chakraborty,Patiala,Patiala,341,Primary,English,SCH0402
SCH0477,Govt. Primary School Gupta,Ludhiana,Ludhiana-I,87,Upper Primary,punjabi,SCH0477
SCH0106,Govt. Primary School Shanker,Ferozepur,Zira,165,Upper Primary,punjabi,SCH0106
SCH0390,Govt. Middle School Dutt,Patiala,Samana,411,Higher Secondary,Hindi,SCH0390
SCH0002,Govt. Primary School Dewan,,Tarn Taran,56,Upper Primary,hindi,SCH0002
SCH0576,Govt. Senior Secondary School Tripathi,,Amritsar-II,134,Secondary,Hindi,SCH0576
SCH0081,Govt. Middle School Batta,Ferozepur,,77,Primary,Hindi,SCH0081
SCH0206,Govt. Middle School Menon,Jalandhar,Nakodar,353,Higher Secondary,hindi,SCH0206
SCH0035,Govt. Elementary School Setty,Bathinda,Talwandi Sabo,168,primary,Punjabi,SCH0035
SCH0509,Govt. Elementary School Maharaj,Jalandhar,Nakodar,221,Higher Secondary,punjabi,SCH0509
SCH0428,Govt. Middle School Swamy,Jalandhar,Jalandhar-II,414,Primary,punjabi,SCH0428
SCH0455,Govt. Elementary School Borah,Patiala,Patiala,132,Primary,Punjabi,SCH0455
SCH0367,Govt. Primary School Vala,Bathinda,,177,Upper Primary,English,SCH0367
SCH0092,Govt. Middle School Bawa,Bathinda,Talwandi Sabo,429,higher secondary,punjabi,SCH0092
SCH0340,Govt. Elementary School Manda,Bathinda,Bathinda,51,Upper Primary,Punjabi,SCH0340
SCH0565,Govt. Middle School Kibe,ludhiana,,127,Upper Primary,Punjabi,SCH0565
SCH0346,Govt. Primary School Peri,Moga,Nihal Singh Wala,178,Secondary,English,SCH0346
SCH0242,Govt. Elementary School Bhardwaj,Moga,Nihal Singh Wala,249,Higher Secondary,Hindi,SCH0242
SCH0014,Govt. Senior Secondary School Soman,Jalandhar,Phillaur,41,Secondary,Punjabi,SCH0014
SCH0316,Govt. Elementary School Dhingra,,Doraha,150,Primary,hindi,SCH0316
SCH0388,Govt. Elementary School Saini,Bathinda,Rampura Phul,136,Upper Primary,Hindi,SCH0388
SCH0274,Govt. Senior Secondary School Raval,Ferozepur,Makhu,98,Upper Primary,hindi,SCH0274
SCH0167,Govt. Elementary School Pall,Ludhiana,Doraha,281,Upper Primary,Punjabi,SCH0167
SCH0110,Govt. Primary School Goswami,Moga,Bagha Purana,398,Higher Secondary,punjabi,SCH0110
SCH0485,Govt. Senior Secondary School Gola,Ludhiana,Ludhiana-II,239,Primary,hindi,SCH0485
SCH0078,Govt. Senior Secondary School Bhavsar,Bathinda,Maur,224,Primary,Punjabi,SCH0078
SCH0505,Govt. Primary School Chakraborty,Patiala,Rajpura,235,Upper Primary,punjabi,SCH0505
SCH0244,Govt. Primary School Swamy,patiala,Samana,371,Higher Secondary,Hindi,SCH0244
SCH0567,Govt. Elementary School Sawhney,Patiala,Rajpura,300,Primary,hindi,SCH0567
SCH0563,Govt. Senior Secondary School Nayak,,Talwandi Sabo,281,Upper Primary,hindi,SCH0563
SCH0190,Govt. Senior Secondary School Chadha,Moga,Moga-II,439,Upper Primary,Punjabi,SCH0190
SCH0476,Govt. Primary School Chowdhury,Jalandhar,Jalandhar-I,48,Higher Secondary,hindi,SCH0476
SCH0511,Govt. Middle School Kuruvilla,Ferozepur,Ferozepur,80,Upper Primary,hindi,SCH0511
SCH0059,Govt. Middle School Barman,Bathinda,Talwandi Sabo,254,Upper Primary,Punjabi,SCH0059
SCH0475,Govt. Primary School Prakash,Bathinda,Maur,410,Higher Secondary,punjabi,SCH0475
SCH0561,Govt. Middle School Mishra,,Sunam,265,Upper Primary,Punjabi,SCH0561
SCH0253,Govt. Senior Secondary School Saha,Ludhiana,,110,upper primary,hindi,SCH0253
SCH0022,Govt. Primary School Aggarwal,Amritsar,Amritsar-I,377,Higher Secondary,Punjabi,SCH0022
SCH0314,Govt. Middle School Kakar,Patiala,Rajpura,366,Primary,hindi,SCH0314
SCH0460,Govt. Senior Secondary School Solanki,Sangrur,Sangrur,129,Primary,Hindi,SCH0460
SCH0161,Govt. Senior Secondary School Mand,Patiala,Nabha,198,Higher Secondary,hindi,SCH0161
SCH0277,Govt. Middle School Nagi,Sangrur,Dhuri,338,Higher Secondary,hindi,SCH0277
SCH0192,Govt. Middle School Varty,Bathinda,Bathinda,168,secondary,Punjabi,SCH0192
SCH0386,Govt. Elementary School Sama,Moga,Nihal Singh Wala,169,Secondary,Punjabi,SCH0386
SCH0414,Govt. Elementary School Goyal,Amritsar,Tarn Taran,342,Higher Secondary,hindi,SCH0414
SCH0492,Govt. Middle School Dalal,Bathinda,Rampura Phul,99,Secondary,punjabi,SCH0492
SCH0344,Govt. Senior Secondary School Bala,Sangrur,Sangrur,84,Upper Primary,hindi,SCH0344
SCH0309,Govt. Primary School Garde,Ferozepur,Zira,368,upper primary,Hindi,SCH0309
SCH0131,Govt. Elementary School Dani,Moga,,200,Secondary,Punjabi,SCH0131
SCH0100,Govt. Elementary School Sandal,Ferozepur,Zira,437,Secondary,Hindi,SCH0100
SCH0373,Govt. Middle School Soman,Amritsar,Amritsar-I,328,Secondary,English,SCH0373
SCH0088,Govt. Middle School Golla,bathinda,Talwandi Sabo,264,Primary,Punjabi,SCH0088
SCH0459,Govt. Elementary School Mani,Bathinda,Rampura Phul,108,Secondary,English,SCH0459
SCH0331,Govt. Primary School Raju,Patiala,,291,Upper Primary,Hindi,SCH0331
SCH0215,Govt. Elementary School Saha,Bathinda,Bathinda,187,Primary,punjabi,SCH0215
SCH0467,Govt. Elementary School Krishnan,Bathinda,Rampura Phul,336,Upper Primary,Punjabi,SCH0467
SCH0122,Govt. Senior Secondary School Ahluwalia,Ludhiana,,442,Upper Primary,hindi,SCH0122
SCH0021,Govt. Elementary School Sami,Sangrur,Sunam,316,Higher Secondary,Hindi,SCH0021
SCH0072,Govt. Senior Secondary School Sengupta,Ferozepur,Makhu,54,Secondary,English,SCH0072
SCH0107,Govt. Elementary School Krishna,Patiala,Rajpura,338,Higher Secondary,Punjabi,SCH0107
SCH0271,Govt. Elementary School Mohan,Sangrur,Sunam,274,secondary,hindi,SCH0271
SCH0436,Govt. Primary School Joshi,Ferozepur,,253,Secondary,English,SCH0436
SCH0103,Govt. Elementary School Parsa,Amritsar,Ajnala,385,Higher Secondary,Punjabi,SCH0103
